{
  "properties": {
    "connectionReferences": {},
    "definition": {
      "$schema": "https://schema.management.azure.com/providers/Microsoft.Logic/schemas/2016-06-01/workflowdefinition.json#",
      "contentVersion": "1.0.0.0",
      "parameters": {
        "$authentication": {
          "defaultValue": {},
          "type": "SecureObject"
        }
      },
      "triggers": {
        "manual": {
          "metadata": {
            "operationMetadataId": "3c06fb28-5ec0-4680-ab9a-db5c89de739e"
          },
          "type": "Request",
          "kind": "PowerAppV2",
          "inputs": {
            "schema": {
              "type": "object",
              "properties": {
                "number": {
                  "title": "Latitude",
                  "type": "number",
                  "x-ms-dynamically-added": true,
                  "description": "緯度を入力してください",
                  "x-ms-content-hint": "NUMBER"
                },
                "number_1": {
                  "title": "Longitude",
                  "type": "number",
                  "x-ms-dynamically-added": true,
                  "description": "経度を入力してください",
                  "x-ms-content-hint": "NUMBER"
                }
              },
              "required": [
                "number",
                "number_1"
              ]
            }
          }
        }
      },
      "actions": {
        "条件": {
          "actions": {},
          "runAfter": {},
          "else": {
            "actions": {
              "PowerApp_または_Flow_に応答する": {
                "runAfter": {},
                "metadata": {
                  "operationMetadataId": "48bde2fc-bee8-4b3c-84e0-197c02be04b7"
                },
                "type": "Response",
                "kind": "PowerApp",
                "inputs": {
                  "statusCode": 200,
                  "body": {
                    "result": "@{''}",
                    "error": "緯度・経度に適切な数値を指定してください。"
                  },
                  "schema": {
                    "type": "object",
                    "properties": {
                      "result": {
                        "title": "Result",
                        "x-ms-dynamically-added": true,
                        "type": "string"
                      },
                      "error": {
                        "title": "Error",
                        "x-ms-dynamically-added": true,
                        "type": "string"
                      }
                    }
                  }
                }
              },
              "終了": {
                "runAfter": {
                  "PowerApp_または_Flow_に応答する": [
                    "Succeeded"
                  ]
                },
                "metadata": {
                  "operationMetadataId": "03238ef8-3438-4932-a11d-a692df14f3b0"
                },
                "type": "Terminate",
                "inputs": {
                  "runStatus": "Succeeded"
                }
              }
            }
          },
          "expression": {
            "and": [
              {
                "greaterOrEquals": [
                  "@triggerBody()['number']",
                  -90
                ]
              },
              {
                "lessOrEquals": [
                  "@triggerBody()['number']",
                  90
                ]
              },
              {
                "greaterOrEquals": [
                  "@triggerBody()['number_1']",
                  -180
                ]
              },
              {
                "lessOrEquals": [
                  "@triggerBody()['number_1']",
                  180
                ]
              }
            ]
          },
          "metadata": {
            "operationMetadataId": "aca407ea-0086-4064-a558-c37f36ef4720"
          },
          "type": "If"
        },
        "変数Val1を初期化する": {
          "runAfter": {
            "条件": [
              "Succeeded"
            ]
          },
          "metadata": {
            "operationMetadataId": "ed51b2f9-99ce-41a9-b070-d62cf9837fde"
          },
          "type": "InitializeVariable",
          "inputs": {
            "variables": [
              {
                "name": "Val1",
                "type": "float",
                "value": "@div(add(triggerBody()['number_1'], 180), 20)"
              }
            ]
          },
          "description": "div(add(triggerBody()['number_1'], 180), 20)"
        },
        "変数Val2を初期化する": {
          "runAfter": {
            "変数Val1を初期化する": [
              "Succeeded"
            ]
          },
          "metadata": {
            "operationMetadataId": "8b9f65fe-de71-4a84-bd87-c99de0eedb56"
          },
          "type": "InitializeVariable",
          "inputs": {
            "variables": [
              {
                "name": "Val2",
                "type": "float",
                "value": "@div(add(triggerBody()['number'], 90), 10)"
              }
            ]
          },
          "description": "div(add(triggerBody()['number'], 90), 10)"
        },
        "変数Charsを初期化する": {
          "runAfter": {
            "変数Val2を初期化する": [
              "Succeeded"
            ]
          },
          "metadata": {
            "operationMetadataId": "265a42ff-916a-4ffb-a12a-34c7e1497af7"
          },
          "type": "InitializeVariable",
          "inputs": {
            "variables": [
              {
                "name": "Chars",
                "type": "array",
                "value": [
                  "A",
                  "B",
                  "C",
                  "D",
                  "E",
                  "F",
                  "G",
                  "H",
                  "I",
                  "J",
                  "K",
                  "L",
                  "M",
                  "N",
                  "O",
                  "P",
                  "Q",
                  "R",
                  "S",
                  "T",
                  "U",
                  "V",
                  "W",
                  "X",
                  "Y",
                  "Z"
                ]
              }
            ]
          }
        },
        "変数Num1を初期化する": {
          "runAfter": {
            "変数Charsを初期化する": [
              "Succeeded"
            ]
          },
          "metadata": {
            "operationMetadataId": "7473a3e9-6c5b-4e82-873c-a7ab4a31099e"
          },
          "type": "InitializeVariable",
          "inputs": {
            "variables": [
              {
                "name": "Num1",
                "type": "integer",
                "value": "@int(slice(string(variables('Val1')), 0, 2))"
              }
            ]
          },
          "description": "int(slice(string(variables('Val1')), 0, 2))"
        },
        "変数Num2を初期化する": {
          "runAfter": {
            "変数Num1を初期化する": [
              "Succeeded"
            ]
          },
          "metadata": {
            "operationMetadataId": "003d4cc3-fc39-43d6-85b1-744616c8303a"
          },
          "type": "InitializeVariable",
          "inputs": {
            "variables": [
              {
                "name": "Num2",
                "type": "integer",
                "value": "@int(slice(string(variables('Val2')), 0, 2))"
              }
            ]
          },
          "description": "int(slice(string(variables('Val2')), 0, 2))"
        },
        "変数Num3を初期化する": {
          "runAfter": {
            "変数Num2を初期化する": [
              "Succeeded"
            ]
          },
          "metadata": {
            "operationMetadataId": "341676ae-89d5-4c45-ae46-e1477734d20c"
          },
          "type": "InitializeVariable",
          "inputs": {
            "variables": [
              {
                "name": "Num3",
                "type": "integer",
                "value": "@int(slice(string(mul(sub(variables('Val1'), variables('Num1')), 10)),0,1))"
              }
            ]
          },
          "description": "int(slice(string(mul(sub(variables('Val1'), variables('Num1')), 10)),0,1))"
        },
        "変数Num4を初期化する": {
          "runAfter": {
            "変数Num3を初期化する": [
              "Succeeded"
            ]
          },
          "metadata": {
            "operationMetadataId": "f9b51270-f2c6-49d9-b240-d62644cd345b"
          },
          "type": "InitializeVariable",
          "inputs": {
            "variables": [
              {
                "name": "Num4",
                "type": "integer",
                "value": "@int(slice(string(mul(sub(variables('Val2'), variables('Num2')), 10)),0,1))"
              }
            ]
          },
          "description": "int(slice(string(mul(sub(variables('Val2'), variables('Num2')), 10)),0,1))"
        },
        "変数Num5を初期化する": {
          "runAfter": {
            "変数Num4を初期化する": [
              "Succeeded"
            ]
          },
          "metadata": {
            "operationMetadataId": "8957fd6d-6682-4278-bbb4-960bfe6ec9f8"
          },
          "type": "InitializeVariable",
          "inputs": {
            "variables": [
              {
                "name": "Num5",
                "type": "integer",
                "value": "@int(slice(formatNumber(mul(float(slice(string(mul(variables('Val1'), 100)),3)), 2.4), '00.000'), 0,2))"
              }
            ]
          },
          "description": "int(slice(formatNumber(mul(float(slice(string(mul(variables('Val1'), 100)),3)), 2.4), '00.000'), 0,2))"
        },
        "変数Num6を初期化する": {
          "runAfter": {
            "変数Num5を初期化する": [
              "Succeeded"
            ]
          },
          "metadata": {
            "operationMetadataId": "cc9b5b7f-9c84-4075-8f4a-47307ac0058b"
          },
          "type": "InitializeVariable",
          "inputs": {
            "variables": [
              {
                "name": "Num6",
                "type": "integer",
                "value": "@int(slice(formatNumber(mul(float(slice(string(mul(variables('Val2'), 100)),3)), 2.4), '00.000'), 0,2))"
              }
            ]
          },
          "description": "int(slice(formatNumber(mul(float(slice(string(mul(variables('Val2'), 100)),3)), 2.4), '00.000'), 0,2))"
        },
        "変数Resultを初期化する": {
          "runAfter": {
            "変数Num6を初期化する": [
              "Succeeded"
            ]
          },
          "metadata": {
            "operationMetadataId": "40921e6e-25ac-494a-badc-6072f0487af4"
          },
          "type": "InitializeVariable",
          "inputs": {
            "variables": [
              {
                "name": "Result",
                "type": "string",
                "value": "@{concat(variables('Chars')?[variables('Num1')],variables('Chars')?[variables('Num2')],variables('Num3'),variables('Num4'),variables('Chars')?[variables('Num5')],variables('Chars')?[variables('Num6')])}"
              }
            ]
          },
          "description": "concat(variables('Chars')?[variables('Num1')],variables('Chars')?[variables('Num2')],variables('Num3'),variables('Num4'),variables('Chars')?[variables('Num5')],variables('Chars')?[variables('Num6')])"
        },
        "PowerApp_または_Flow_に応答する_2": {
          "runAfter": {
            "変数Resultを初期化する": [
              "Succeeded"
            ]
          },
          "metadata": {
            "operationMetadataId": "5e3f0558-4172-451e-892e-78a729f90fe6"
          },
          "type": "Response",
          "kind": "PowerApp",
          "inputs": {
            "statusCode": 200,
            "body": {
              "result": "@variables('Result')",
              "error": "@{''}"
            },
            "schema": {
              "type": "object",
              "properties": {
                "result": {
                  "title": "Result",
                  "x-ms-dynamically-added": true,
                  "type": "string"
                },
                "error": {
                  "title": "Error",
                  "x-ms-dynamically-added": true,
                  "type": "string"
                }
              }
            }
          }
        }
      }
    },
    "templateName": ""
  },
  "schemaVersion": "1.0.0.0"
}